ID,team,name,no,Ch_team,position,RorL,height,weight,Birthday,first,edu,ori_name
L0G9,L01,愛力克,41,統一7-ELEVEn,位置:投手,投打:左投左打,身高:190(CM),體重:92(KG),生日:1979/02/11,初出場:2006/03/25,學歷:,原名:Eric Cyr
k432,L02,王玉譜,29,統一二軍,位置:投手,投打:左投左打,身高:184(CM),體重:81(KG),生日:1996/01/18,初出場:2016/08/30,學歷:開南大學,原名:
E0D8,E01,吳保賢,43,兄弟,位置:投手,投打:右投右打,身高:180(CM),體重:82(KG),生日:1980/02/06,初出場:2004/10/01,學歷:台灣體院,原名:
E0M6,EE2,*陳琥,62,中信兄弟二軍,位置:投手,投打:右投左打,身高:180(CM),體重:99(KG),生日:1998/04/29,初出場:2018/03/24,學歷:大同科技大學,原名:
B0D3,B02,威勇,34,興農,位置:投手,投打:右投右打,身高:190(CM),體重:98(KG),生日:1976/10/01,初出場:2006/07/29,學歷:,原名:Billy Sylvester
L0K7,L01,強納森,33,統一7-ELEVEn,位置:投手,投打:右投右打,身高:187(CM),體重:99(KG),生日:1979/02/07,初出場:2012/03/17,學歷:,原名:Jon Leicester
L0P1,A02,尼克斯,24,Lamigo,位置:投手,投打:右投右打,身高:196(CM),體重:120(KG),生日:1983/05/21,初出場:2017/08/10,學歷:,原名:Michael Nix/麥克爾
006006,E02,德保拉,46,中信兄弟,位置:投手,投打:左投右打,身高:195(CM),體重:94(KG),生日:1988/03/04,初出場:2020/04/14,學歷:,原名:José De Paula
L0E8,L01,林岳平,11,統一7-ELEVEn,位置:投手,投打:右投右打,身高:176(CM),體重:70(KG),生日:1982/01/28,初出場:2005/03/13,學歷:三民高中,原名:
R081,BA3,倪福德,36,富邦二軍,位置:投手,投打:左投左打,身高:182(CM),體重:90(KG),生日:1982/11/14,初出場:2007/03/18,學歷:嘉義大學,原名:
R034,E02,葉詠捷,13,中信兄弟,位置:投手,投打:右投右打,身高:178(CM),體重:70(KG),生日:1985/04/21,初出場:2006/05/24,學歷:穀保家商,原名:
E0K3,E02,賈羅拉加,40,中信兄弟,位置:投手,投打:右投右打,身高:191(CM),體重:112(KG),生日:1982/01/15,初出場:2014/04/25,學歷:,原名:Armando Galarraga
L0L5,L01,馬卡龍,73,統一7-ELEVEn,位置:投手,投打:右投左打,身高:198(CM),體重:120(KG),生日:1981/02/07,初出場:2013/05/25,學歷:,原名:Michael McClung
L0K9,L01,安東尼,38,統一7-ELEVEn,位置:投手,投打:右投右打,身高:188(CM),體重:99(KG),生日:1983/08/08,初出場:2012/04/08,學歷:Creighton University,原名:Eric Wordekemper
005480,B04,班華德,30,富邦,位置:投手,投打:右投右打,身高:191(CM),體重:99(KG),生日:1986/02/14,初出場:2019/08/31,學歷:,原名:Travis Banwart
L0L6,L01,拿狄,26,統一7-ELEVEn,位置:投手,投打:左投左打,身高:188(CM),體重:102(KG),生日:1976/02/24,初出場:2013/06/02,學歷:,原名:Randy Keisler
E0D5,E01,莊瑋全,41,兄弟,位置:投手,投打:右投右打,身高:181(CM),體重:80(KG),生日:1981/02/11,初出場:2004/03/20,學歷:國立體院,原名:莊 培 全
A0E2,B04,藍斯佛,4,富邦,位置:投手,投打:右投右打,身高:185(CM),體重:90(KG),生日:1986/10/22,初出場:2015/03/21,學歷:,原名:Jared Lansford
E0M5,A02,*肯恩,38,Lamigo,位置:投手,投打:右投右打,身高:185(CM),體重:80(KG),生日:1988/04/24,初出場:2016/08/17,學歷:,原名:Bruce Kern/克恩三世
B0C5,B02,克提茲,25,興農,位置:投手,投打:右投右打,身高:195(CM),體重:106(KG),生日:1972/09/04,初出場:2005/08/30,學歷:,原名:Jorge Cortez
L0G2,B02,班尼歐,60,興農,位置:投手,投打:右投右打,身高:186(CM),體重:85(KG),生日:1976/08/31,初出場:2005/08/27,學歷:,原名:Jose Espinal
E0D0,E01,横田久則,0,兄弟,位置:投手,投打:右投右打,身高:183(CM),體重:81(KG),生日:1967/09/08,初出場:2003/03/02,學歷:,原名:Yokota Hisanori
E0F1,E01,喬伊,40,兄弟,位置:投手,投打:右投右打,身高:195(CM),體重:98(KG),生日:1971/09/19,初出場:2006/05/04,學歷:,原名:Joey  Dawley
B0G4,BA3,林晨樺,11,富邦二軍,位置:投手,投打:右投右打,身高:185(CM),體重:92(KG),生日:1988/12/16,初出場:2012/04/01,學歷:,原名:
005233,E02,米蘭達,28,中信兄弟,位置:投手,投打:左投左打,身高:188(CM),體重:86(KG),生日:1989/01/10,初出場:2020/04/12,學歷:,原名:Ariel Miranda
B0D8,B02,井場友和,22,興農,位置:投手,投打:右投右打,身高:186(CM),體重:98(KG),生日:1976/08/27,初出場:2007/03/23,學歷:,原名:Iba Tomokazu
A065,L01,雷鵬,46,統一7-ELEVEn,位置:投手,投打:右投右打,身高:193(CM),體重:95(KG),生日:1974/11/22,初出場:2006/04/06,學歷:University of South Alabama,原名:Kenny Rayborn
R356,B04,林克謙,21,富邦,位置:投手,投打:右投右打,身高:174(CM),體重:84(KG),生日:1986/05/05,初出場:2009/04/03,學歷:國立臺灣體大(桃園),原名:
T099,B02,戰玉飛,56,興農,位置:投手,投打:右投右打,身高:186(CM),體重:94(KG),生日:1966/07/23,初出場:1994/03/17,學歷:,原名:Lenin Picota必可
E0J7,EE2,*王則鈞,33,中信兄弟二軍,位置:投手,投打:右投右打,身高:181(CM),體重:86(KG),生日:1995/08/07,初出場:2014/03/27,學歷:遠東科技大學,原名:
k505,L01,施子謙,45,統一7-ELEVEn,位置:投手,投打:右投右打,身高:183(CM),體重:90(KG),生日:1994/12/19,初出場:2017/09/09,學歷:臺灣體大,原名:
L0F8,L01,萬能,20,統一7-ELEVEn,位置:投手,投打:右投右打,身高:185(CM),體重:92(KG),生日:1973/06/10,初出場:2005/06/21,學歷:,原名:Julio Manon
E0L3,E02,尚恩,28,中信兄弟,位置:投手,投打:右投右打,身高:182(CM),體重:98(KG),生日:1987/08/28,初出場:2015/06/12,學歷:,原名:Shaun Garceau
L0N1,L01,大衛,40,統一7-ELEVEn,位置:投手,投打:左投左打,身高:195(CM),體重:111(KG),生日:1982/04/22,初出場:2015/03/26,學歷:,原名:David Purcey
L026,E01,曹竣崵,35,兄弟,位置:投手,投打:右投右打,身高:185(CM),體重:90(KG),生日:1976/03/29,初出場:1999/03/19,學歷:文化大學肄,原名:曹 竣 揚
R414,L02,林煜清,10,統一二軍,位置:投手,投打:右投左打,身高:180(CM),體重:87(KG),生日:1988/12/29,初出場:2012/03/17,學歷:國立臺灣體大(桃園),原名:
L0O8,L01,福瑞多,44,統一7-ELEVEn,位置:投手,投打:右投右打,身高:183(CM),體重:84(KG),生日:1984/07/07,初出場:2017/03/26,學歷:,原名:Alfredo Figaro
E088,E01,蕭任汶,38,兄弟,位置:投手,投打:右投右打,身高:177(CM),體重:80(KG),生日:1973/08/15,初出場:1998/07/21,學歷:文化大學,原名:
G099,E01,卡斯帝,43,兄弟,位置:投手,投打:右投右打,身高:188(CM),體重:115(KG),生日:1975/04/21,初出場:2007/09/01,學歷:Miami-Dade College,原名:Carlos Castillo
L0M8,L01,李韋斯,50,統一7-ELEVEn,位置:投手,投打:右投右打,身高:186(CM),體重:90(KG),生日:1985/12/20,初出場:2014/09/04,學歷:,原名:Amaury Rivas
E0G6,E01,小林亮寛,22,兄弟,位置:投手,投打:右投右打,身高:183(CM),體重:91(KG),生日:1979/04/28,初出場:2008/03/21,學歷:,原名:Kobayashi Ryokan
L0I9,L01,克里斯,48,統一7-ELEVEn,位置:投手,投打:右投右打,身高:195(CM),體重:97(KG),生日:1978/01/04,初出場:2009/03/29,學歷:,原名:Chris Gissell
A0B6,EE2,洪宸宇,17,中信兄弟二軍,位置:投手,投打:左投左打,身高:175(CM),體重:99(KG),生日:1989/03/27,初出場:2015/06/18,學歷:文化大學,原名:洪 臣 宇
R151,E01,買嘉瑞,25,兄弟,位置:投手,投打:右投右打,身高:178(CM),體重:77(KG),生日:1987/02/25,初出場:2008/03/21,學歷:善化高中,原名:
B0B1,B02,鐵木真,0,興農,位置:投手,投打:左投左打,身高:175(CM),體重:80(KG),生日:1973/10/15,初出場:2004/05/23,學歷:,原名:Timothy Young
B0H3,B03,馬克,92,義大,位置:投手,投打:右投右打,身高:193(CM),體重:102(KG),生日:1984/06/29,初出場:2013/07/18,學歷:美國麻州大學,原名:Matt Torra
B0E2,B02,康明斯,32,興農,位置:投手,投打:右投右打,身高:188(CM),體重:98(KG),生日:1976/11/07,初出場:2008/04/20,學歷:,原名:Jeremy Cummings
B0G3,B02,哈維爾,55,興農,位置:投手,投打:右投右打,身高:190(CM),體重:88(KG),生日:1982/12/09,初出場:2010/09/05,學歷:,原名:Javier Martinez
L0O5,A02,道恩斯,33,Lamigo,位置:投手,投打:左投右打,身高:188(CM),體重:91(KG),生日:1984/12/26,初出場:2016/08/06,學歷:,原名:Darin Downs/戴倫
L0K4,L01,邁克爾,35,統一7-ELEVEn,位置:投手,投打:右投右打,身高:185(CM),體重:91(KG),生日:1976/10/17,初出場:2011/07/19,學歷:,原名:Seth Etherton
B0K2,B04,麥力戈,30,富邦,位置:投手,投打:右投右打,身高:191(CM),體重:90(KG),生日:1986/12/19,初出場:2017/07/02,學歷:University of Memphis,原名:Scott McGregor
L0H9,L01,彼得,26,統一7-ELEVEn,位置:投手,投打:右投右打,身高:191(CM),體重:95(KG),生日:1975/06/14,初出場:2007/04/14,學歷:,原名:Pete Munro
A060,L01,恩洛德,14,統一7-ELEVEn,位置:投手,投打:右投右打,身高:183(CM),體重:95(KG),生日:1971/03/04,初出場:2005/08/27,學歷:,原名:Nerio Rodriguez
B098,B02,蔡仲南,18,興農,位置:投手,投打:右投右打,身高:181(CM),體重:89(KG),生日:1979/03/07,初出場:2002/03/08,學歷:台北體院,原名:
L0C4,L01,喬伊,0,統一7-ELEVEn,位置:投手,投打:右投右打,身高:194(CM),體重:100(KG),生日:1976/03/24,初出場:2002/04/26,學歷:,原名:Joe Davenport
L0E6,L01,馬力,0,統一7-ELEVEn,位置:投手,投打:左投左打,身高:176(CM),體重:80(KG),生日:1974/06/30,初出場:2004/09/20,學歷:,原名:Oswaldo Mairena
E0H8,E01,麥格倫,32,兄弟,位置:投手,投打:右投右打,身高:183(CM),體重:100(KG),生日:1978/07/23,初出場:2010/03/20,學歷:,原名:Jim Magrane
H527,BA3,陳冠傑,59,富邦二軍,位置:投手,投打:右投右打,身高:188(CM),體重:95(KG),生日:1994/07/08,初出場:2019/05/16,學歷:新北市穀保家商,原名:陳品學
B0G2,B02,班尼,70,興農,位置:投手,投打:左投左打,身高:190(CM),體重:90(KG),生日:1977/12/04,初出場:2010/08/19,學歷:,原名:Juan Pena
E0M2,E02,魔力,64,中信兄弟,位置:投手,投打:右投右打,身高:186(CM),體重:92(KG),生日:1988/11/27,初出場:2016/03/29,學歷:,原名:Robert Morey
005254,L01,亞力克,49,統一7-ELEVEn,位置:投手,投打:右投右打,身高:193(CM),體重:108(KG),生日:1991/10/04,初出場:2019/07/06,學歷:,原名:Alec Asher
E0E8,E01,布萊恩,37,兄弟,位置:投手,投打:左投左打,身高:190(CM),體重:84(KG),生日:1978/09/11,初出場:2006/03/24,學歷:,原名:Brian Rodaway
E0L1,E02,布萊文斯,22,中信兄弟,位置:投手,投打:右投右打,身高:183(CM),體重:92(KG),生日:1985/01/16,初出場:2015/03/27,學歷:,原名:Bobby Blevins
L062,L01,雷猛,0,統一7-ELEVEn,位置:投手,投打:右投右打,身高:193(CM),體重:91(KG),生日:1967/06/02,初出場:1996/03/31,學歷:,原名:Donald Lemon
k425,E02,黃恩賜,64,中信兄弟,位置:投手,投打:右投左打,身高:185(CM),體重:90(KG),生日:1996/05/17,初出場:2019/03/26,學歷:臺灣體大,原名:
E0K8,EE2,杜家明,71,中信兄弟二軍,位置:三壘手,投打:右投右打,身高:183(CM),體重:98(KG),生日:1996/02/03,初出場:2020/04/30,學歷:嘉南藥理科技大學,原名:
R413,L01,李金木,31,統一7-ELEVEn,位置:投手,投打:右投右打,身高:184(CM),體重:96(KG),生日:1985/05/02,初出場:2009/05/27,學歷:文化大學,原名:
R504,L01,蔡萬霖,45,統一7-ELEVEn,位置:投手,投打:右投右打,身高:173(CM),體重:86(KG),生日:1988/05/12,初出場:2012/06/07,學歷:輔仁大學肄,原名:
E0G3,E01,昂斯,32,兄弟,位置:投手,投打:右投右打,身高:186(CM),體重:100(KG),生日:1979/09/03,初出場:2007/09/24,學歷:,原名:Nic Ungs
E0E5,E01,莊宏亮,98,兄弟,位置:投手,投打:右投右打,身高:184(CM),體重:85(KG),生日:1980/10/22,初出場:2005/09/07,學歷:文化大學,原名:
H401,BA3,*張耿豪,17,富邦二軍,位置:投手,投打:右投右打,身高:178(CM),體重:73(KG),生日:1991/04/11,初出場:2010/04/03,學歷:國立臺灣體大(台中),原名:
R325,E01,李濠任,42,兄弟,位置:投手,投打:右投右打,身高:183(CM),體重:84(KG),生日:1986/08/26,初出場:2009/03/28,學歷:文化大學,原名:
H305,EE2,*楊志龍,56,中信兄弟二軍,位置:投手,投打:右投右打,身高:189(CM),體重:102(KG),生日:1993/04/07,初出場:2017/07/23,學歷:文化大學,原名:
L0M7,L01,陳韻文,12,統一7-ELEVEn,位置:投手,投打:右投右打,身高:183(CM),體重:97(KG),生日:1995/11/28,初出場:2015/09/12,學歷:屏東高中,原名:
H507,EE2,王梓安,37,中信兄弟二軍,位置:投手,投打:右投右打,身高:198(CM),體重:90(KG),生日:1990/10/09,初出場:2014/03/23,學歷:吳鳳科技大學,原名:
E0M3,E02,耐森,46,中信兄弟,位置:投手,投打:右投右打,身高:182(CM),體重:95(KG),生日:1986/02/09,初出場:2016/05/22,學歷:,原名:Nathan Long
R065,L01,鄭博壬,11,統一7-ELEVEn,位置:投手,投打:右投右打,身高:182(CM),體重:75(KG),生日:1982/10/17,初出場:2006/03/22,學歷:台北體院,原名:
L0I5,L01,波特,22,統一7-ELEVEn,位置:投手,投打:右投右打,身高:191(CM),體重:93(KG),生日:1971/08/21,初出場:2008/04/11,學歷:,原名:Louis Pote
E0K2,E02,科龍,39,中信兄弟,位置:投手,投打:右投右打,身高:198(CM),體重:112(KG),生日:1979/08/13,初出場:2014/03/30,學歷:,原名:Roman Colon
H467,EE2,周磊,99,中信兄弟二軍,位置:投手,投打:右投右打,身高:184(CM),體重:89(KG),生日:1991/04/16,初出場:2015/10/08,學歷:台北體育學院,原名:
004569,E02,萊福力,97,中信兄弟,位置:投手,投打:右投右打,身高:196(CM),體重:113(KG),生日:1985/09/07,初出場:2018/03/28,"學歷:Sacramento, CA",原名:Mitch Lively
L0N0,L01,賈斯汀,33,統一7-ELEVEn,位置:投手,投打:左投左打,身高:191(CM),體重:100(KG),生日:1984/01/18,初出場:2015/03/25,學歷:,原名:Justin Thomas
E0N3,E02,蔡齊哲,50,中信兄弟,位置:投手,投打:右投右打,身高:182(CM),體重:78(KG),生日:1995/12/18,初出場:2017/09/27,學歷:台東大學,原名:
E0I3,B04,增菘瑋,8,富邦,位置:投手,投打:右投右打,身高:177(CM),體重:85(KG),生日:1984/12/28,初出場:2011/03/19,學歷:台灣體院,原名:
H307,BA3,黃勝雄,56,富邦二軍,位置:投手,投打:左投左打,身高:186(CM),體重:98(KG),生日:1990/12/03,初出場:2014/03/23,學歷:嘉南藥理科技大學,原名:
B0I3,B03,賈西亞,55,義大,位置:投手,投打:右投右打,身高:193(CM),體重:114(KG),生日:1976/10/06,初出場:2014/05/10,學歷:,原名:Freddy Garcia
L0J5,L01,威廉,30,統一7-ELEVEn,位置:投手,投打:右投右打,身高:193(CM),體重:111(KG),生日:1981/12/04,初出場:2010/03/21,學歷:,原名:Jerome Williams
004572,L01,馬丁尼茲,36,統一7-ELEVEn,位置:投手,投打:右投右打,身高:190(CM),體重:98(KG),生日:1987/08/04,初出場:2018/03/30,學歷:,原名:David Martinez
006005,EE2,羅傑斯,35,中信兄弟二軍,位置:投手,投打:右投右打,身高:190(CM),體重:90(KG),生日:1985/08/14,初出場:2020/04/17,學歷:,原名:Esmil Rogers
R016,B04,林正豐,34,富邦,位置:投手,投打:右投右打,身高:182(CM),體重:84(KG),生日:1982/12/26,初出場:2006/03/22,學歷:高苑工商,原名:
L0K8,L01,鎌田祐哉,29,統一7-ELEVEn,位置:投手,投打:右投右打,身高:184(CM),體重:80(KG),生日:1978/11/30,初出場:2012/03/18,學歷:早稻田大學,原名:Kamada Yuya
G098,L01,安狄,36,統一7-ELEVEn,位置:投手,投打:左投右打,身高:188(CM),體重:85(KG),生日:1979/07/31,初出場:2007/08/21,學歷:,原名:Andy van Hekken
R622,EE2,邱品睿,48,中信兄弟二軍,位置:投手,投打:左投左打,身高:180(CM),體重:82(KG),生日:1987/12/13,初出場:2012/03/28,學歷:開南大學,原名:邱 俊 瑋
B0C6,E01,杜寅傑,51,兄弟,位置:投手,投打:右投右打,身高:175(CM),體重:74(KG),生日:1981/01/10,初出場:2006/03/24,學歷:台北體院,原名:
E0L2,E02,克蘭頓,38,中信兄弟,位置:投手,投打:右投右打,身高:195(CM),體重:103(KG),生日:1985/04/03,初出場:2015/06/02,學歷:,原名:Mike McClendon
L0L3,L01,羅納得,37,統一7-ELEVEn,位置:投手,投打:右投右打,身高:190(CM),體重:82(KG),生日:1983/08/07,初出場:2013/03/26,學歷:,原名:Ronald Bay
R683,L02,江承峰,95,統一二軍,位置:投手,投打:右投右打,身高:180(CM),體重:90(KG),生日:1988/10/14,初出場:2013/03/23,學歷:,原名:
B0F6,B02,格林,26,興農,位置:投手,投打:左投左打,身高:186(CM),體重:80(KG),生日:1976/11/22,初出場:2010/04/04,學歷:,原名:Lindsay Gulin
R570,B04,許文錚,91,富邦,位置:投手,投打:右投右打,身高:187(CM),體重:93(KG),生日:1987/10/27,初出場:2012/03/18,學歷:國立臺灣體大(台中),原名:
E0D3,E01,馬丁尼,0,兄弟,位置:投手,投打:右投右打,身高:193(CM),體重:105(KG),生日:1974/05/31,初出場:2003/07/08,學歷:,原名:Gomez Martinez
E0N0,E02,銳力,00,中信兄弟,位置:投手,投打:左投左打,身高:188(CM),體重:95(KG),生日:1991/04/22,初出場:2017/08/19,學歷:,原名:Rick Teasley
L0I3,L01,葛雷,40,統一7-ELEVEn,位置:投手,投打:右投右打,身高:189(CM),體重:105(KG),生日:1980/03/01,初出場:2008/03/16,學歷:,原名:Gregory Wiltshire
B0K5,B04,游霆崴,80,富邦,位置:投手,投打:右投右打,身高:178(CM),體重:68(KG),生日:1997/10/11,初出場:2019/06/09,學歷:西苑高中,原名:
B0A6,L02,陽建福,46,統一二軍,位置:投手,投打:右投右打,身高:179(CM),體重:78(KG),生日:1979/04/22,初出場:2003/06/29,學歷:臺灣體院,原名:
G069,E02,林恩宇,11,中信兄弟,位置:投手,投打:右投右打,身高:188(CM),體重:92(KG),生日:1981/03/25,初出場:2005/04/21,學歷:國立體院,原名:
004571,L01,羅里奇,30,統一7-ELEVEn,位置:投手,投打:右投右打,身高:190(CM),體重:92(KG),生日:1982/08/04,初出場:2018/03/28,學歷:,原名:Josh Roenicke
L0I7,L01,海克曼,44,統一7-ELEVEn,位置:投手,投打:右投右打,身高:196(CM),體重:103(KG),生日:1974/10/06,初出場:2008/07/08,學歷:,原名:Luther Hackman
E0C8,E01,中込伸,55,兄弟,位置:投手,投打:右投右打,身高:182(CM),體重:96(KG),生日:1970/02/16,初出場:2002/03/09,學歷:,原名:Nakagomi Sin
006010,L01,費爾本,54,統一7-ELEVEn,位置:投手,投打:左投左打,身高:190(CM),體重:96(KG),生日:1985/08/22,初出場:2020/04/12,學歷:Midview HS ,原名:Ryan Feierabend
L0M6,L01,畢爾,35,統一7-ELEVEn,位置:投手,投打:左投左打,身高:183(CM),體重:95(KG),生日:1981/05/09,初出場:2014/08/30,學歷:Cal State Northridge,原名:William R.W. Murphy
E0L7,B04,伍鐸,21,富邦,位置:投手,投打:右投右打,身高:185(CM),體重:91(KG),生日:1986/10/24,初出場:2015/08/02,學歷:,原名:Bryan Woodall
E0L4,E02,康崔拉斯,52,中信兄弟,位置:投手,投打:右投右打,身高:191(CM),體重:110(KG),生日:1971/12/06,初出場:2015/07/05,學歷:,原名:Jose Contreras
B0C3,B02,凱特,50,興農,位置:投手,投打:右投右打,身高:188(CM),體重:92(KG),生日:1974/10/25,初出場:2005/07/10,學歷:,原名:Bradley Guy
B0G9,E02,希克,40,中信兄弟,位置:投手,投打:左投左打,身高:208(CM),體重:110(KG),生日:1983/01/13,初出場:2013/03/31,學歷:,原名:Andrew Sisco
L0F2,L01,成本年秀,0,統一7-ELEVEn,位置:投手,投打:右投右打,身高:180(CM),體重:85(KG),生日:1968/09/11,初出場:2005/03/18,學歷:,原名:Narimoto Toshinide
L0J9,D01,廖文揚,41,味全,位置:投手,投打:右投右打,身高:177(CM),體重:81(KG),生日:1987/10/10,初出場:2011/06/12,學歷:,原名:
R052,L01,潘俊榮,21,統一7-ELEVEn,位置:投手,投打:左投左打,身高:180(CM),體重:75(KG),生日:1983/01/02,初出場:2007/04/15,學歷:台北體院,原名:
R126,E01,顏政財,22,兄弟,位置:投手,投打:右投右打,身高:180(CM),體重:92(KG),生日:1982/10/14,初出場:2010/03/28,學歷:立德大學,原名:
E0E1,E01,武藤潤一郎,41,兄弟,位置:投手,投打:右投右打,身高:183(CM),體重:85(KG),生日:1969/03/15,初出場:2005/03/18,學歷:,原名:Muto Jun Ichiro
E0M1,E02,歐文,98,中信兄弟,位置:投手,投打:左投左打,身高:193(CM),體重:104(KG),生日:1987/12/18,初出場:2016/03/19,學歷:,原名:
B046,B02,勇壯,40,興農,位置:投手,投打:右投右打,身高:188(CM),體重:97(KG),生日:1975/05/09,初出場:1997/03/04,學歷:,原名:Osvaldo Martinez
R160,E01,黃榮義,39,兄弟,位置:投手,投打:右投右打,身高:185(CM),體重:95(KG),生日:1982/05/02,初出場:2008/03/26,學歷:開南大學,原名:
L0J6,L01,威力,57,統一7-ELEVEn,位置:投手,投打:左投左打,身高:175(CM),體重:80(KG),生日:1979/11/07,初出場:2010/04/29,學歷:,原名:Willie Collazo
004820,L02,奧斯丁,44,統一二軍,位置:投手,投打:右投右打,身高:175(CM),體重:85(KG),生日:1985/04/29,初出場:2019/03/28,學歷:,原名:Austin Bibens-Dirkx
B0K0,BA3,陳仕朋,81,富邦二軍,位置:投手,投打:左投左打,身高:179(CM),體重:79(KG),生日:1997/09/20,初出場:2017/10/07,學歷:,原名:
E0E0,E01,武德曼,31,兄弟,位置:投手,投打:右投右打,身高:195(CM),體重:97(KG),生日:1972/11/12,初出場:2005/03/18,學歷:,原名:Harold Woodman
E0K5,E02,寇迪,39,中信兄弟,位置:投手,投打:左投左打,身高:183(CM),體重:87(KG),生日:1984/01/07,初出場:2014/07/06,學歷:,原名:Chris Cody
G000,L01,蔡士勤,13,統一7-ELEVEn,位置:投手,投打:右投右打,身高:183(CM),體重:95(KG),生日:1976/10/03,初出場:2003/03/09,學歷:文化大學,原名:
B0C2,B02,克林頓,43,興農,位置:投手,投打:右投右打,身高:180(CM),體重:87(KG),生日:1980/08/08,初出場:2005/06/25,學歷:,原名:Clinton Hosford
E0F5,E01,葉丁仁,19,兄弟,位置:投手,投打:左投左打,身高:185(CM),體重:97(KG),生日:1983/07/01,初出場:2007/03/21,學歷:強恕中學,原名:
E0H2,E01,伊代野貴照,1,兄弟,位置:投手,投打:右投右打,身高:180(CM),體重:81(KG),生日:1980/10/29,初出場:2009/04/02,學歷:,原名:Iyono Takateru
L0H3,L01,比爾,59,統一7-ELEVEn,位置:投手,投打:左投左打,身高:193(CM),體重:110(KG),生日:1973/10/09,初出場:2006/05/21,學歷:,原名:Bill Pulsipher
R707,BA3,陳明軒,78,富邦二軍,位置:投手,投打:右投右打,身高:179(CM),體重:80(KG),生日:1993/09/17,初出場:2016/08/31,學歷:開南大學,原名:
L0O1,B04,布魯斯,26,富邦,位置:投手,投打:右投右打,身高:183(CM),體重:92(KG),生日:1985/11/18,初出場:2016/03/27,學歷:,原名:Bruce Billings
E0K6,E02,桑契斯,54,中信兄弟,位置:投手,投打:右投右打,身高:196(CM),體重:125(KG),生日:1984/04/28,初出場:2014/08/28,學歷:,原名:Romulo Sanchez
L0O7,L02,洪心騏,63,統一二軍,位置:投手,投打:右投右打,身高:185(CM),體重:101(KG),生日:1994/03/13,初出場:2016/10/13,學歷:大同學院肄,原名:
B0A4,B03,余文彬,97,義大,位置:投手,投打:右投右打,身高:180(CM),體重:78(KG),生日:1978/12/18,初出場:2003/03/07,學歷:文化大學,原名:
R676,L01,羅錦龍,71,統一7-ELEVEn,位置:投手,投打:右投右打,身高:196(CM),體重:103(KG),生日:1985/08/20,初出場:2013/03/24,學歷:高苑工商,原名:
B0J1,D01,林政賢,47,味全,位置:投手,投打:左投左打,身高:180(CM),體重:90(KG),生日:1995/09/13,初出場:2016/06/04,學歷:台北市文化大學,原名:
E0E4,E01,派瑞克,31,兄弟,位置:投手,投打:右投右打,身高:190(CM),體重:105(KG),生日:1970/09/16,初出場:2005/07/16,學歷:,原名:Bronswell Patrick
A0E7,B04,銳爾登,33,富邦,位置:投手,投打:右投右打,身高:193(CM),體重:91(KG),生日:1986/05/25,初出場:2015/07/18,學歷:,原名:Cory Riordan 雷 盾
T097,E01,風神,37,兄弟,位置:投手,投打:右投右打,身高:190(CM),體重:92(KG),生日:1966/10/20,初出場:1998/07/24,學歷:,原名:Jonathan Hurst
L0L0,L01,戴爾,35,統一7-ELEVEn,位置:投手,投打:左投左打,身高:185(CM),體重:100(KG),生日:1983/07/06,初出場:2012/06/30,學歷:,原名:Ryan Edell
R289,A02,蔡璟豪,50,Lamigo,位置:投手,投打:右投右打,身高:185(CM),體重:92(KG),生日:1987/06/01,初出場:2011/03/20,學歷:國立體育大學,原名:
R669,B04,陳鴻文,13,富邦,位置:投手,投打:右投右打,身高:180(CM),體重:97(KG),生日:1986/02/03,初出場:2013/03/27,學歷:台北體院,原名:
R354,BA3,賴鴻誠,48,富邦二軍,位置:投手,投打:左投左打,身高:180(CM),體重:75(KG),生日:1988/04/26,初出場:2012/03/20,學歷:國立體大,原名:
B0C9,B02,威霸,22,興農,位置:投手,投打:右投右打,身高:186(CM),體重:95(KG),生日:1975/03/17,初出場:2006/03/22,學歷:,原名:Clint Weibl
L0I1,L01,布萊恩,41,統一7-ELEVEn,位置:投手,投打:右投右打,身高:196(CM),體重:95(KG),生日:1978/02/28,初出場:2007/07/01,學歷:,原名:Brian Reith
L0O4,L01,達斯汀,52,統一7-ELEVEn,位置:投手,投打:右投右打,身高:195(CM),體重:117(KG),生日:1988/09/08,初出場:2016/06/26,學歷:University of South Alabama,原名:Dustin Crenshaw
L0E3,L01,捷豹,0,統一7-ELEVEn,位置:投手,投打:右投右打,身高:185(CM),體重:80(KG),生日:1972/05/04,初出場:2004/03/14,學歷:,原名:Manny Aybar
004621,AJL022,威拉諾,31,樂天二軍,位置:投手,投打:右投右打,身高:188(CM),體重:104(KG),生日:1986/07/27,初出場:2018/07/27,學歷:,原名:Elih Villanueva/紐維拉
B0J4,BA3,黃亦志,16,富邦二軍,位置:投手,投打:右投右打,身高:183(CM),體重:80(KG),生日:1992/06/01,初出場:2016/03/31,學歷:新北市輔仁大學,原名:
E0L9,E02,悍德,38,中信兄弟,位置:投手,投打:右投右打,身高:188(CM),體重:110(KG),生日:1986/04/20,初出場:2016/03/24,學歷:,原名:Donovan Hand
L0L9,B03,義凡,45,義大,位置:投手,投打:左投左打,身高:188(CM),體重:84(KG),生日:1982/11/04,初出場:2015/03/24,學歷:,原名:Evan MacLane
B094,B02,郭勇志,29,興農,位置:投手,投打:右投右打,身高:183(CM),體重:93(KG),生日:1977/09/24,初出場:2001/06/24,學歷:台灣體院,原名:
L0J2,L01,羅倫佐,58,統一7-ELEVEn,位置:投手,投打:左投左打,身高:188(CM),體重:105(KG),生日:1975/10/06,初出場:2009/04/21,學歷:,原名:Valerio de los Santos
006126,L01,達尼爾,75,統一7-ELEVEn,位置:投手,投打:左投左打,身高:188(CM),體重:100(KG),生日:1989/02/02,初出場:2020/05/24,學歷:,原名:Logan Reese Darnell
B0E9,A02,正田樹,75,Lamigo,位置:投手,投打:左投左打,身高:188(CM),體重:88(KG),生日:1981/11/03,初出場:2009/03/29,學歷:,原名:Shoda Itsuki
004638,L02,古林睿煬,19,統一二軍,位置:投手,投打:右投右打,身高:184(CM),體重:81(KG),生日:2000/06/12,初出場:2019/09/27,學歷:平鎮高中,原名:
B0I8,B03,史密斯,18,義大,位置:投手,投打:左投左打,身高:193(CM),體重:113(KG),生日:1983/01/26,初出場:2015/03/26,學歷:,原名:Ryan Rowland-Smith
B0F0,B02,馬提茲,35,興農,位置:投手,投打:右投右打,身高:185(CM),體重:120(KG),生日:1978/11/03,初出場:2009/04/11,學歷:,原名:Anastacio Martínez
004770,B04,索沙,44,富邦,位置:投手,投打:右投右打,身高:185(CM),體重:95(KG),生日:1985/07/28,初出場:2019/03/24,學歷:,原名:Henry Sosa
L0F0,L01,林登,30,統一7-ELEVEn,位置:投手,投打:右投右打,身高:185(CM),體重:89(KG),生日:1965/02/09,初出場:2005/03/17,學歷:,原名:Douglas Linton
A045,E01,曼尼,32,兄弟,位置:投手,投打:右投右打,身高:191(CM),體重:95(KG),生日:1972/08/14,初出場:2004/07/27,學歷:,原名:David Manning馬林
B0E3,B02,克隆尼,22,興農,位置:投手,投打:左投左打,身高:178(CM),體重:80(KG),生日:1982/06/02,初出場:2008/05/16,學歷:,原名:Michael Connolly
R506,E01,曹錦輝,71,兄弟,位置:投手,投打:右投右打,身高:185(CM),體重:95(KG),生日:1981/06/02,初出場:2009/04/25,學歷:美國丹佛大學,原名:
E0F6,E01,尼克,32,兄弟,位置:投手,投打:左投左打,身高:195(CM),體重:87(KG),生日:1978/05/16,初出場:2007/03/18,學歷:,原名:Nick Bierbrodt
L0D6,L01,張志強,22,統一7-ELEVEn,位置:投手,投打:右投右打,身高:179(CM),體重:81(KG),生日:1978/10/22,初出場:2003/09/21,學歷:台灣體院,原名:
L0J8,L01,桑奇斯,62,統一7-ELEVEn,位置:投手,投打:左投左打,身高:180(CM),體重:87(KG),生日:1974/10/11,初出場:2010/08/20,學歷:Nizao Bani High School,原名:Jesus Sanchez
B0H9,BA3,蕭一傑,41,富邦二軍,位置:投手,投打:右投右打,身高:180(CM),體重:87(KG),生日:1986/01/02,初出場:2014/03/22,學歷:日本奈良產業大學,原名:
B0D9,B02,栗田雄介,24,興農,位置:投手,投打:左投左打,身高:173(CM),體重:80(KG),生日:1980/08/23,初出場:2007/05/12,學歷:千葉工業大學,原名:Kurita Yusuke
E0E2,E01,廖于誠,47,兄弟,位置:投手,投打:右投右打,身高:179(CM),體重:80(KG),生日:1980/09/04,初出場:2005/03/18,學歷:,原名:
R410,E02,郭健瑜,10,中信兄弟,位置:左外野手,投打:右投右打,身高:175(CM),體重:72(KG),生日:1984/09/24,初出場:2012/03/28,學歷:文化大學,原名:
R368,L02,賴泊凱,47,統一二軍,位置:投手,投打:右投右打,身高:180(CM),體重:73(KG),生日:1989/06/23,初出場:2014/08/17,學歷:臺灣體大,原名:
B0D2,B02,剛雷,41,興農,位置:投手,投打:右投右打,身高:180(CM),體重:90(KG),生日:1979/09/17,初出場:2006/03/19,學歷:,原名:Alfredo Gonzalez
R153,E01,曾嘉敏,18,兄弟,位置:投手,投打:右投右打,身高:190(CM),體重:76(KG),生日:1983/05/07,初出場:2008/03/20,學歷:輔仁大學,原名:
L0N3,E02,賽格威,40,中信兄弟,位置:投手,投打:右投右打,身高:188(CM),體重:110(KG),生日:1983/04/11,初出場:2015/08/12,學歷:,原名:Zack Segovia/銳克
L0E5,L01,金猛,0,統一7-ELEVEn,位置:投手,投打:左投左打,身高:185(CM),體重:90(KG),生日:1976/04/27,初出場:2004/05/14,學歷:,原名:Benjamin Sampson
W0B9,B04,沈鈺傑,61,富邦,位置:投手,投打:左投左打,身高:180(CM),體重:85(KG),生日:1981/03/03,初出場:2005/03/15,學歷:日本別府大學,原名:
k458,L02,陳育軒,20,統一二軍,位置:投手,投打:右投左打,身高:177(CM),體重:72(KG),生日:1995/10/25,初出場:2016/09/22,學歷:臺灣體大,原名:
L0B5,L01,曾翊誠,39,統一7-ELEVEn,位置:投手,投打:右投右打,身高:180(CM),體重:80(KG),生日:1978/08/12,初出場:2000/09/28,學歷:台北體院,原名:
006124,L02,洛奇,50,統一二軍,位置:投手,投打:右投右打,身高:183(CM),體重:93(KG),生日:1989/12/14,初出場:2020/04/16,學歷:,原名:Donn Roach
B0I4,E02,克拉帝,43,中信兄弟,位置:投手,投打:左投左打,身高:190(CM),體重:106(KG),生日:1984/09/25,初出場:2014/07/20,學歷:,原名:Victor Garate
W0C5,L01,朱尉銘,49,統一7-ELEVEn,位置:投手,投打:右投右打,身高:188(CM),體重:97(KG),生日:1981/08/02,初出場:2005/05/27,學歷:嘉義大學,原名:
E0H4,E01,麥克,40,兄弟,位置:投手,投打:右投右打,身高:180(CM),體重:85(KG),生日:1977/09/19,初出場:2009/05/29,學歷:,原名:Mike Smith
B0E6,B02,夏威茲,41,興農,位置:投手,投打:右投右打,身高:186(CM),體重:83(KG),生日:1978/06/13,初出場:2008/08/30,學歷:,原名:Wilton Chavez
004631,B04,喬登,35,富邦,位置:投手,投打:右投右打,身高:196(CM),體重:96(KG),生日:1989/01/17,初出場:2018/08/26,學歷:,原名:Taylor Jordan
E0G5,E01,丹尼,40,兄弟,位置:投手,投打:右投右打,身高:187(CM),體重:88(KG),生日:1981/07/17,初出場:2008/04/08,學歷:,原名:Danny Core
L0P0,L02,泰倫斯,23,統一二軍,位置:投手,投打:右投右打,身高:185(CM),體重:78(KG),生日:1989/08/21,初出場:2017/06/27,學歷:,原名:Terance Marin
R049,B04,陳煥揚,42,富邦,位置:投手,投打:右投右打,身高:176(CM),體重:80(KG),生日:1985/11/21,初出場:2011/03/19,學歷:台北體院,原名:
B0H8,BA3,范玉禹,47,富邦二軍,位置:投手,投打:右投左打,身高:193(CM),體重:90(KG),生日:1995/04/27,初出場:2015/04/05,學歷:嘉南藥理科技大學,原名:
A0C0,B04,羅力,39,富邦,位置:投手,投打:右投右打,身高:192(CM),體重:99(KG),生日:1984/09/14,初出場:2012/08/18,學歷:,原名:Mike Loree
R268,B03,沈福仁,30,義大,位置:一壘手,投打:右投右打,身高:184(CM),體重:73(KG),生日:1984/02/06,初出場:2012/07/03,學歷:台北體育學院,原名:
L0C8,L02,潘威倫,18,統一二軍,位置:投手,投打:右投右打,身高:182(CM),體重:98(KG),生日:1982/03/05,初出場:2003/03/09,學歷:輔仁大學肄,原名:
R269,L02,林其緯,51,統一二軍,位置:投手,投打:右投左打,身高:176(CM),體重:70(KG),生日:1984/04/07,初出場:2008/03/20,學歷:台北體院,原名:
E0M0,E02,艾迪頓,53,中信兄弟,位置:投手,投打:左投右打,身高:196(CM),體重:98(KG),生日:1987/12/16,初出場:2016/08/28,學歷:,原名:Nick Additon
E0F4,E01,艾迪,28,兄弟,位置:投手,投打:右投右打,身高:183(CM),體重:70(KG),生日:1977/11/03,初出場:2006/08/30,學歷:,原名:Eddy Candelario
L0J0,L01,米奇,44,統一7-ELEVEn,位置:投手,投打:右投右打,身高:188(CM),體重:95(KG),生日:1975/05/13,初出場:2009/04/02,學歷:,原名:Mickey Callaway
L0K1,L01,羅伯特,38,統一7-ELEVEn,位置:投手,投打:右投右打,身高:193(CM),體重:85(KG),生日:1976/07/12,初出場:2011/03/26,學歷:University of the Pacfic,原名:Daniel Reichert
R107,BA3,蔡明晋,19,富邦二軍,位置:投手,投打:右投右打,身高:179(CM),體重:70(KG),生日:1984/09/28,初出場:2008/03/18,學歷:國立體大,原名:
R361,B03,吳政憲,21,義大,位置:投手,投打:右投右打,身高:176(CM),體重:76(KG),生日:1984/11/15,初出場:2009/08/01,學歷:國立體院,原名:
B0I2,B03,偉克,45,義大,位置:投手,投打:右投右打,身高:184(CM),體重:94(KG),生日:1983/11/07,初出場:2014/03/23,學歷:,原名:Esmerling Vasquez
R427,E02,王建勛,27,中信兄弟,位置:投手,投打:左投左打,身高:182(CM),體重:88(KG),生日:1985/05/06,初出場:2009/05/08,學歷:輔仁大學,原名:
R139,E02,官大元,18,中信兄弟,位置:投手,投打:右投右打,身高:174(CM),體重:68(KG),生日:1983/09/09,初出場:2011/03/20,學歷:嘉義大學,原名:
B0B8,G02,李國慶,21,米迪亞,位置:投手,投打:右投右打,身高:180(CM),體重:88(KG),生日:1980/10/10,初出場:2005/05/01,學歷:文化大學,原名:
R044,L01,李瑋華,26,統一7-ELEVEn,位置:投手,投打:左投左打,身高:178(CM),體重:87(KG),生日:1985/11/26,初出場:2009/04/02,學歷:嘉義大學,原名:
L0I2,L01,費古洛,57,統一7-ELEVEn,位置:投手,投打:右投右打,身高:186(CM),體重:80(KG),生日:1974/05/18,初出場:2007/09/15,學歷:,原名:Nelson Figueroa
R462,E02,盧劭禹,65,中信兄弟,位置:投手,投打:右投右打,身高:190(CM),體重:100(KG),生日:1987/12/16,初出場:2012/03/18,學歷:嘉義大學,原名:
R568,E02,謝榮豪,79,中信兄弟,位置:投手,投打:右投右打,身高:188(CM),體重:101(KG),生日:1990/07/09,初出場:2014/03/23,學歷:臺灣體院,原名:
005482,L02,*吳承諭,57,統一二軍,位置:投手,投打:右投左打,身高:181(CM),體重:85(KG),生日:1997/01/09,初出場:2019/09/29,學歷:開南大學,原名:
E060,E01,吳俊億,16,兄弟,位置:投手,投打:右投右打,身高:174(CM),體重:85(KG),生日:1975/11/26,初出場:1997/03/09,學歷:美和中學,原名:
R397,L01,黃志龍,23,統一7-ELEVEn,位置:投手,投打:右投右打,身高:176(CM),體重:90(KG),生日:1989/02/22,初出場:2012/03/21,學歷:國立臺灣體大(桃園),原名:
B0F7,B02,艾力克,70,興農,位置:投手,投打:右投右打,身高:196(CM),體重:97(KG),生日:1977/01/05,初出場:2010/05/09,學歷:,原名:Eric Junge
B0H7,B03,尼克,45,義大,位置:投手,投打:右投右打,身高:193(CM),體重:91(KG),生日:1984/08/20,初出場:2013/08/30,學歷:,原名:Nick Green
E0C2,E01,養父鉄,18,兄弟,位置:投手,投打:右投右打,身高:181(CM),體重:83(KG),生日:1973/06/26,初出場:2001/03/11,學歷:,原名:Yofu Tetsu
L0L2,L01,馬丁尼茲,36,統一7-ELEVEn,位置:投手,投打:右投右打,身高:180(CM),體重:98(KG),生日:1984/03/12,初出場:2012/08/23,學歷:,原名:Eulogio De La Cruz
E0I5,L01,泰勒,46,統一7-ELEVEn,位置:投手,投打:左投左打,身高:191(CM),體重:95(KG),生日:1983/05/09,初出場:2011/05/06,學歷:Clemson University,原名:Tyler Lumsden
B0K4,BA3,吳世豪,94,富邦二軍,位置:投手,投打:右投右打,身高:180(CM),體重:70(KG),生日:1999/01/13,初出場:2018/08/26,學歷:美和中學,原名:
A037,L01,徐余偉,12,統一7-ELEVEn,位置:投手,投打:左投左打,身高:181(CM),體重:90(KG),生日:1979/07/18,初出場:2004/03/17,學歷:輔仁大學,原名:
E096,E01,王勁力,21,兄弟,位置:投手,投打:右投右打,身高:186(CM),體重:91(KG),生日:1976/09/07,初出場:1999/03/28,學歷:華僑中學,原名:
R242,B03,羅政龍,32,義大,位置:投手,投打:左投左打,身高:182(CM),體重:88(KG),生日:1987/03/07,初出場:2011/03/19,學歷:國立臺灣體大(台中),原名:
005085,BA3,包林傑,49,富邦二軍,位置:投手,投打:左投左打,身高:196(CM),體重:105(KG),生日:1991/02/04,初出場:2019/06/08,學歷:,原名:Ryan Bollinger
E0D9,E01,劉俊男,45,兄弟,位置:投手,投打:右投右打,身高:188(CM),體重:100(KG),生日:1982/03/04,初出場:2004/09/09,學歷:台北體院,原名:
E0J6,E01,巴拉德,69,兄弟,位置:投手,投打:左投左打,身高:186(CM),體重:93(KG),生日:1984/02/06,初出場:2013/03/27,學歷:University of Virginia,原名:Michael Ballard
R455,L02,王鏡銘,41,統一二軍,位置:投手,投打:右投右打,身高:176(CM),體重:93(KG),生日:1986/01/16,初出場:2010/03/24,學歷:開南大學,原名:
B0I9,B03,何南德,44,義大,位置:投手,投打:右投右打,身高:188(CM),體重:98(KG),生日:1986/05/21,初出場:2015/05/20,學歷:,原名:Gabriel Hernandez
L0E4,L01,阿波羅,0,統一7-ELEVEn,位置:投手,投打:右投右打,身高:188(CM),體重:95(KG),生日:1969/06/29,初出場:2004/03/26,學歷:,原名:Jose Alberro
R396,E02,鄭凱文,19,中信兄弟,位置:投手,投打:右投右打,身高:176(CM),體重:80(KG),生日:1988/07/26,初出場:2014/03/25,學歷:文化大學,原名:
A0E5,B04,神盾,23,富邦,位置:投手,投打:左投左打,身高:195(CM),體重:100(KG),生日:1983/10/13,初出場:2015/04/23,學歷:,原名:Chris Seddon
B0A3,B02,飛勇,0,興農,位置:投手,投打:左投左打,身高:195(CM),體重:93(KG),生日:1975/09/09,初出場:2003/03/08,學歷:,原名:Jeffery Louis Andra
B0F1,B02,沃樂,45,興農,位置:投手,投打:右投右打,身高:188(CM),體重:77(KG),生日:1980/10/23,初出場:2009/04/15,學歷:,原名:Pedro Liriano
B0F2,B02,雷卡多,30,興農,位置:投手,投打:右投右打,身高:186(CM),體重:98(KG),生日:1978/05/21,初出場:2009/07/22,學歷:,原名:Ricardo Rodriguez
R533,L01,陳逸宸,40,統一7-ELEVEn,位置:投手,投打:右投右打,身高:190(CM),體重:105(KG),生日:1986/04/08,初出場:2010/03/25,學歷:開南大學,原名:
E0J3,E01,李文斯頓,20,兄弟,位置:投手,投打:左投左打,身高:189(CM),體重:95(KG),生日:1982/09/03,初出場:2012/08/22,學歷:,原名:Robert Livingston
L0N4,L02,#林子崴,17,統一二軍,位置:投手,投打:左投左打,身高:179(CM),體重:78(KG),生日:1995/09/17,初出場:2015/08/02,學歷:文化大學肄,原名:
B0B2,B02,金勇,0,興農,位置:投手,投打:右投右打,身高:172(CM),體重:85(KG),生日:1971/09/05,初出場:2004/07/24,學歷:,原名:Aquiles Sera
005257,E02,赫猛,28,中信兄弟,位置:投手,投打:左投左打,身高:185(CM),體重:95(KG),生日:1989/03/17,初出場:2019/07/14,學歷:Clemson University,原名:Casey Harman
E0I2,E02,鄭錡鴻,95,中信兄弟,位置:投手,投打:左投左打,身高:185(CM),體重:97(KG),生日:1985/06/20,初出場:2011/03/20,學歷:臺灣體育大學,原名:
L0L8,L01,江辰晏,16,統一7-ELEVEn,位置:投手,投打:左投左打,身高:175(CM),體重:70(KG),生日:1995/06/03,初出場:2014/09/26,學歷:西苑中學,原名:
E0I7,E01,高米茲,45,兄弟,位置:投手,投打:右投右打,身高:190(CM),體重:92(KG),生日:1978/06/14,初出場:2011/08/21,學歷:,原名:
L074,E01,史密斯,24,兄弟,位置:投手,投打:右投右打,身高:180(CM),體重:88(KG),生日:1969/11/21,初出場:1998/02/21,學歷:,原名:Chuck Smith
L0K3,L01,格林,14,統一7-ELEVEn,位置:投手,投打:右投右打,身高:191(CM),體重:91(KG),生日:1974/11/01,初出場:2011/05/19,學歷:Virginia Military Institute,原名:Ryan Glynn
H345,EE2,*江忠城,20,中信兄弟二軍,位置:投手,投打:右投右打,身高:180(CM),體重:90(KG),生日:1990/03/10,初出場:2014/09/07,學歷:國立體育大學,原名:
G040,A02,林英傑,19,Lamigo,位置:投手,投打:左投左打,身高:182(CM),體重:92(KG),生日:1981/05/01,初出場:2004/03/04,學歷:高苑工商,原名:
R370,E01,黃佳明,1,兄弟,位置:投手,投打:右投右打,身高:175(CM),體重:99(KG),生日:1987/07/23,初出場:2010/03/21,學歷:嘉南藥理科技大學,原名:
k436,EE2,廖乙忠,11,中信兄弟二軍,位置:投手,投打:右投右打,身高:186(CM),體重:113(KG),生日:1995/11/02,初出場:2019/06/30,學歷:開南大學,原名:
L0N2,L01,馬力斯,52,統一7-ELEVEn,位置:投手,投打:右投左打,身高:189(CM),體重:99(KG),生日:1983/06/07,初出場:2015/05/13,學歷:University of Missouri,原名:Douglas Mathis
E0J0,E01,岡薩雷茲,34,兄弟,位置:投手,投打:左投左打,身高:185(CM),體重:100(KG),生日:1983/02/27,初出場:2012/04/06,學歷:,原名:Luis Gonzalez
L0H5,L01,羅伯森,42,統一7-ELEVEn,位置:投手,投打:左投左打,身高:185(CM),體重:99(KG),生日:1977/03/30,初出場:2006/07/15,學歷:,原名:Jeriome Robertson
W060,E01,柳裕展,20,兄弟,位置:投手,投打:右投右打,身高:180(CM),體重:71(KG),生日:1975/12/02,初出場:1999/10/17,學歷:台北體專,原名:
005479,B04,江國豪,12,富邦,位置:投手,投打:右投右打,身高:178(CM),體重:73(KG),生日:1997/12/29,初出場:2019/08/04,學歷:,原名:
