ID,team,name,no,Ch_team,position,RorL,height,weight,Birthday,first,edu,ori_name
R139,E02,官大元,18,中信兄弟,位置:投手,投打:右投右打,身高:174(CM),體重:68(KG),生日:1983/09/09,初出場:2011/03/20,學歷:嘉義大學,原名:
R396,E02,鄭凱文,19,中信兄弟,位置:投手,投打:右投右打,身高:176(CM),體重:80(KG),生日:1988/07/26,初出場:2014/03/25,學歷:文化大學,原名:
H115,E02,彭識穎,21,中信兄弟,位置:投手,投打:左投左打,身高:175(CM),體重:71(KG),生日:1992/07/02,初出場:2016/03/19,學歷:輔仁大學,原名:
005233,E02,米蘭達,28,中信兄弟,位置:投手,投打:左投左打,身高:188(CM),體重:86(KG),生日:1989/01/10,初出場:2020/04/12,學歷:,原名:Ariel Miranda
R393,E02,李振昌,34,中信兄弟,位置:投手,投打:右投右打,身高:180(CM),體重:86(KG),生日:1986/10/21,初出場:2018/07/25,學歷:台北體院,原名:
006006,E02,德保拉,46,中信兄弟,位置:投手,投打:左投右打,身高:195(CM),體重:94(KG),生日:1988/03/04,初出場:2020/04/14,學歷:,原名:José De Paula
E0N3,E02,蔡齊哲,50,中信兄弟,位置:投手,投打:右投右打,身高:182(CM),體重:78(KG),生日:1995/12/18,初出場:2017/09/27,學歷:台東大學,原名:
k425,E02,黃恩賜,64,中信兄弟,位置:投手,投打:右投左打,身高:185(CM),體重:90(KG),生日:1996/05/17,初出場:2019/03/26,學歷:臺灣體大,原名:
R568,E02,謝榮豪,79,中信兄弟,位置:投手,投打:右投右打,身高:188(CM),體重:101(KG),生日:1990/07/09,初出場:2014/03/23,學歷:臺灣體院,原名:
E0N4,E02,陳柏豪,83,中信兄弟,位置:投手,投打:右投右打,身高:178(CM),體重:78(KG),生日:1999/01/28,初出場:2017/10/07,學歷:西苑高中,原名:
004625,E02,吳俊偉,94,中信兄弟,位置:投手,投打:右投右打,身高:175(CM),體重:71(KG),生日:1998/12/31,初出場:2019/03/26,學歷:屏東縣屏東高中,原名:池俊偉
004569,E02,萊福力,97,中信兄弟,位置:投手,投打:右投右打,身高:196(CM),體重:113(KG),生日:1985/09/07,初出場:2018/03/28,"學歷:Sacramento, CA",原名:Mitch Lively
R610,E02,黃鈞聲,26,中信兄弟,位置:捕手,投打:右投右打,身高:178(CM),體重:100(KG),生日:1989/01/19,初出場:2012/03/17,學歷:嘉南藥理科技大學,原名:
k440,E02,高宇杰,65,中信兄弟,位置:捕手,投打:右投右打,身高:184(CM),體重:88(KG),生日:1997/07/17,初出場:2019/06/25,學歷:國立體大,原名:
H017,E02,蘇緯達,96,中信兄弟,位置:一壘手,投打:右投左打,身高:185(CM),體重:103(KG),生日:1990/11/10,初出場:2015/10/08,學歷:國立臺灣體育學院,原名:
H038,E02,王威晨,9,中信兄弟,位置:二壘手,投打:右投左打,身高:183(CM),體重:75(KG),生日:1991/07/03,初出場:2016/04/26,學歷:輔仁大學,原名:
H230,E02,許基宏,74,中信兄弟,位置:三壘手,投打:右投左打,身高:187(CM),體重:103(KG),生日:1992/07/22,初出場:2014/09/03,學歷:國立台灣體育學院,原名:
H529,E02,吳東融,61,中信兄弟,位置:游擊手,投打:右投右打,身高:173(CM),體重:72(KG),生日:1991/09/29,初出場:2016/09/11,學歷:國立體育大學,原名:
004636,E02,江坤宇,90,中信兄弟,位置:游擊手,投打:右投右打,身高:175(CM),體重:72(KG),生日:2000/07/04,初出場:2019/06/25,學歷:平鎮,原名:
k447,E02,岳東華,98,中信兄弟,位置:游擊手,投打:右投左打,身高:178(CM),體重:75(KG),生日:1995/10/19,初出場:2017/10/08,學歷:,原名:
G072,E02,周思齊,16,中信兄弟,位置:左外野手,投打:左投左打,身高:178(CM),體重:90(KG),生日:1981/10/26,初出場:2005/08/13,學歷:輔仁大學,原名:
E0M7,E02,陳文杰,4,中信兄弟,位置:中外野手,投打:右投左打,身高:184(CM),體重:76(KG),生日:1997/10/11,初出場:2017/10/04,學歷:大同技術學院,原名:
R244,E02,張志豪,7,中信兄弟,位置:中外野手,投打:右投左打,身高:180(CM),體重:81(KG),生日:1987/05/15,初出場:2010/03/20,學歷:台灣體院,原名:
H876,E02,林書逸,43,中信兄弟,位置:中外野手,投打:右投左打,身高:181(CM),體重:78(KG),生日:1993/05/20,初出場:2017/07/05,學歷:文化大學,原名:
E0J8,E02,陳子豪,1,中信兄弟,位置:右外野手,投打:左投左打,身高:179(CM),體重:89(KG),生日:1995/07/29,初出場:2013/10/13,學歷:嘉南藥理科技大學,原名:
k453,E02,詹子賢,39,中信兄弟,位置:右外野手,投打:右投右打,身高:183(CM),體重:92(KG),生日:1994/02/24,初出場:2016/08/21,學歷:文化大學,原名:
L0M7,L01,陳韻文,12,統一7-ELEVEn,位置:投手,投打:右投右打,身高:183(CM),體重:97(KG),生日:1995/11/28,初出場:2015/09/12,學歷:屏東高中,原名:
L0L8,L01,江辰晏,16,統一7-ELEVEn,位置:投手,投打:左投左打,身高:175(CM),體重:70(KG),生日:1995/06/03,初出場:2014/09/26,學歷:西苑中學,原名:
004637,L01,劉軒荅,23,統一7-ELEVEn,位置:投手,投打:右投右打,身高:180(CM),體重:88(KG),生日:1996/11/23,初出場:2018/09/29,學歷:國立體大,原名:
004571,L01,羅里奇,30,統一7-ELEVEn,位置:投手,投打:右投右打,身高:190(CM),體重:92(KG),生日:1982/08/04,初出場:2018/03/28,學歷:,原名:Josh Roenicke
k460,L01,黃竣彥,40,統一7-ELEVEn,位置:投手,投打:右投右打,身高:190(CM),體重:92(KG),生日:1993/10/06,初出場:2018/05/05,學歷:高苑科大,原名:
R463,L01,傅于剛,42,統一7-ELEVEn,位置:投手,投打:右投右打,身高:180(CM),體重:93(KG),生日:1988/01/18,初出場:2012/03/25,學歷:嘉義大學肄,原名:
H046,L01,林威志,43,統一7-ELEVEn,位置:投手,投打:右投右打,身高:190(CM),體重:103(KG),生日:1992/09/29,初出場:2017/03/30,學歷:文化大學,原名:
k505,L01,施子謙,45,統一7-ELEVEn,位置:投手,投打:右投右打,身高:183(CM),體重:90(KG),生日:1994/12/19,初出場:2017/09/09,學歷:臺灣體大,原名:
006010,L01,費爾本,54,統一7-ELEVEn,位置:投手,投打:左投左打,身高:190(CM),體重:96(KG),生日:1985/08/22,初出場:2020/04/12,學歷:Midview HS ,原名:Ryan Feierabend
k430,L01,鄭鈞仁,60,統一7-ELEVEn,位置:投手,投打:右投右打,身高:184(CM),體重:95(KG),生日:1995/11/03,初出場:2018/03/25,學歷:輔仁大學,原名:
H218,L01,郭峻偉,15,統一7-ELEVEn,位置:捕手,投打:右投右打,身高:176(CM),體重:81(KG),生日:1992/07/18,初出場:2015/06/19,學歷:國立體大肄,原名:
k454,L01,陳重羽,65,統一7-ELEVEn,位置:捕手,投打:右投右打,身高:182(CM),體重:80(KG),生日:1995/09/14,初出場:2017/09/01,學歷:國立體大,原名:
L0E0,L01,高國慶,68,統一7-ELEVEn,位置:一壘手,投打:右投右打,身高:181(CM),體重:93(KG),生日:1978/10/06,初出場:2004/03/03,學歷:臺灣體院,原名:
H878,L01,吳桀睿,62,統一7-ELEVEn,位置:二壘手,投打:右投右打,身高:170(CM),體重:80(KG),生日:1993/04/07,初出場:2017/09/02,學歷:文化大學,原名:
004642,L01,林靖凱,64,統一7-ELEVEn,位置:二壘手,投打:右投右打,身高:174(CM),體重:66(KG),生日:2000/07/22,初出場:2019/04/26,學歷:平鎮高中,原名:
H407,L01,郭阜林,5,統一7-ELEVEn,位置:三壘手,投打:右投右打,身高:181(CM),體重:90(KG),生日:1991/01/07,初出場:2015/08/12,學歷:臺灣體院,原名:
L0K0,L01,陳鏞基,13,統一7-ELEVEn,位置:三壘手,投打:右投右打,身高:179(CM),體重:89(KG),生日:1983/07/13,初出場:2011/03/20,學歷:國立體院,原名:Ma Yaw Ciru
H456,L01,林祖傑,39,統一7-ELEVEn,位置:三壘手,投打:右投右打,身高:176(CM),體重:76(KG),生日:1991/05/13,初出場:2019/03/23,學歷:文化大學,原名:
H929,L01,陳傑憲,24,統一7-ELEVEn,位置:游擊手,投打:右投左打,身高:173(CM),體重:73(KG),生日:1994/01/07,初出場:2016/07/29,學歷:日本岡山縣共生高校,原名:
H594,L01,蘇智傑,32,統一7-ELEVEn,位置:左外野手,投打:右投左打,身高:180(CM),體重:88(KG),生日:1994/07/28,初出場:2016/07/29,學歷:文化大學,原名:
L0G5,L01,潘武雄,55,統一7-ELEVEn,位置:左外野手,投打:左投左打,身高:178(CM),體重:82(KG),生日:1981/03/11,初出場:2006/03/21,學歷:美和中學,原名:
R346,L01,唐肇廷,6,統一7-ELEVEn,位置:中外野手,投打:右投左打,身高:180(CM),體重:85(KG),生日:1987/10/12,初出場:2013/03/23,學歷:國立體大,原名:
k429,L01,林安可,77,統一7-ELEVEn,位置:右外野手,投打:左投左打,身高:184(CM),體重:90(KG),生日:1997/05/19,初出場:2019/08/10,學歷:,原名:
005479,B04,江國豪,12,富邦,位置:投手,投打:右投右打,身高:178(CM),體重:73(KG),生日:1997/12/29,初出場:2019/08/04,學歷:,原名:
R669,B04,陳鴻文,13,富邦,位置:投手,投打:右投右打,身高:180(CM),體重:97(KG),生日:1986/02/03,初出場:2013/03/27,學歷:台北體院,原名:
E0L7,B04,伍鐸,21,富邦,位置:投手,投打:右投右打,身高:185(CM),體重:91(KG),生日:1986/10/24,初出場:2015/08/02,學歷:,原名:Bryan Woodall
H514,B04,羅國華,37,富邦,位置:投手,投打:右投右打,身高:178(CM),體重:90(KG),生日:1992/10/28,初出場:2017/07/14,學歷:開南大學,原名:
A0C0,B04,羅力,39,富邦,位置:投手,投打:右投右打,身高:192(CM),體重:99(KG),生日:1984/09/14,初出場:2012/08/18,學歷:,原名:Mike Loree
004770,B04,索沙,44,富邦,位置:投手,投打:右投右打,身高:185(CM),體重:95(KG),生日:1985/07/28,初出場:2019/03/24,學歷:,原名:Henry Sosa
004628,B04,歐書誠,57,富邦,位置:投手,投打:右投左打,身高:180(CM),體重:65(KG),生日:1993/02/11,初出場:2018/09/20,學歷:長榮大學,原名:
004629,B04,楊彬,74,富邦,位置:投手,投打:右投右打,身高:180(CM),體重:90(KG),生日:1996/01/01,初出場:2019/06/29,學歷:高雄大學,原名:
B0K5,B04,游霆崴,80,富邦,位置:投手,投打:右投右打,身高:178(CM),體重:68(KG),生日:1997/10/11,初出場:2019/06/09,學歷:西苑高中,原名:
k504,B04,王尉永,82,富邦,位置:投手,投打:右投右打,身高:181(CM),體重:72(KG),生日:1995/09/18,初出場:2019/07/21,學歷:文化大學,原名:
R670,B04,林羿豪,96,富邦,位置:投手,投打:右投右打,身高:188(CM),體重:101(KG),生日:1991/01/02,初出場:2014/03/23,學歷:大同技術學院,原名:
R398,B04,林宥穎,20,富邦,位置:捕手,投打:右投右打,身高:178(CM),體重:87(KG),生日:1987/03/08,初出場:2011/03/19,學歷:臺灣體大,原名:林 琨 笙
004645,B04,戴培峰,95,富邦,位置:捕手,投打:右投左打,身高:182(CM),體重:75(KG),生日:2000/01/07,初出場:2019/03/24,學歷:桃園市平鎮高中,原名:
R205,B04,林益全,9,富邦,位置:一壘手,投打:右投左打,身高:183(CM),體重:83(KG),生日:1985/11/11,初出場:2009/03/29,學歷:台南市南英商工,原名:
k509,B04,范國宸,46,富邦,位置:一壘手,投打:右投右打,身高:183(CM),體重:88(KG),生日:1994/11/25,初出場:2017/09/22,學歷:台灣體大,原名:
k462,B04,王正棠,35,富邦,位置:二壘手,投打:右投左打,身高:177(CM),體重:81(KG),生日:1995/09/17,初出場:2018/08/22,學歷:台灣體大,原名:
R441,B04,林威廷,64,富邦,位置:二壘手,投打:右投右打,身高:177(CM),體重:83(KG),生日:1989/08/16,初出場:2014/03/22,學歷:國立體大,原名:
H593,B04,李宗賢,22,富邦,位置:三壘手,投打:右投右打,身高:178(CM),體重:70(KG),生日:1994/06/29,初出場:2016/09/03,學歷:國立體大,原名:
H329,B04,于森旭,51,富邦,位置:三壘手,投打:右投左打,身高:178(CM),體重:76(KG),生日:1992/12/27,初出場:2016/03/26,學歷:,原名:于孟雄、于孟馗
R498,B04,陳凱倫,24,富邦,位置:游擊手,投打:右投右打,身高:173(CM),體重:76(KG),生日:1987/10/31,初出場:2012/03/18,學歷:,原名:
R457,B04,張正偉,6,富邦,位置:左外野手,投打:左投左打,身高:174(CM),體重:74(KG),生日:1986/08/05,初出場:2010/03/20,學歷:開南大學,原名:Malo ‧ Ipong
R678,B04,胡金龍,15,富邦,位置:左外野手,投打:右投右打,身高:180(CM),體重:86(KG),生日:1984/02/02,初出場:2013/03/24,學歷:國立體大,原名:
R400,B04,高國輝,28,富邦,位置:左外野手,投打:右投右打,身高:189(CM),體重:103(KG),生日:1985/09/26,初出場:2013/03/24,學歷:台北體育學院,原名:羅 國 輝
B0J9,B04,申皓瑋,29,富邦,位置:中外野手,投打:右投右打,身高:183(CM),體重:75(KG),生日:1997/09/12,初出場:2017/05/20,學歷:高雄市高苑工商,原名:
H400,B04,陳品捷,93,富邦,位置:右外野手,投打:右投左打,身高:183(CM),體重:80(KG),生日:1991/07/23,初出場:2017/07/12,學歷:台南市南英商工,原名:
H229,B04,高國麟,98,富邦,位置:右外野手,投打:右投右打,身高:183(CM),體重:92(KG),生日:1993/01/02,初出場:2016/04/01,學歷:國立體大,原名:羅 國 麟
005558,AJL011,蘇俊璋,00,樂天,位置:投手,投打:右投右打,身高:180(CM),體重:92(KG),生日:1998/09/02,初出場:2019/09/12,學歷:文化大學,原名:
A0D4,AJL011,陳禹勳,0,樂天,位置:投手,投打:右投右打,身高:182(CM),體重:83(KG),生日:1989/05/20,初出場:2014/03/23,學歷:臺北體院,原名:
H377,AJL011,洪聖欽,12,樂天,位置:投手,投打:右投右打,身高:183(CM),體重:85(KG),生日:1990/11/15,初出場:2014/09/11,學歷:臺灣體院,原名:
004635,AJL011,江國謙,18,樂天,位置:投手,投打:右投右打,身高:180(CM),體重:88(KG),生日:1999/10/01,初出場:2019/06/27,學歷:平鎮高中,原名:
004646,AJL011,翁瑋均,20,樂天,位置:投手,投打:右投左打,身高:188(CM),體重:85(KG),生日:1998/11/29,初出場:2019/03/31,學歷:南華,原名:翁绍恩
006004,AJL011,卡本特,22,樂天,位置:投手,投打:左投左打,身高:196(CM),體重:104(KG),生日:1990/08/22,初出場:2020/04/15,學歷:,原名:Ryan Carpenter
006011,AJL011,霸能,24,樂天,位置:投手,投打:右投左打,身高:183(CM),體重:102(KG),生日:1990/06/18,初出場:2020/04/15,學歷:,原名:Lisalverto Bonilla
R527,AJL011,王溢正,32,樂天,位置:投手,投打:左投左打,身高:190(CM),體重:84(KG),生日:1985/10/09,初出場:2013/07/21,學歷:文化大學,原名:
H645,AJL011,劉昱言,37,樂天,位置:投手,投打:左投左打,身高:180(CM),體重:81(KG),生日:1994/07/27,初出場:2016/08/10,學歷:開南大學,原名:
H510,AJL011,王躍霖,41,樂天,位置:投手,投打:右投右打,身高:184(CM),體重:94(KG),生日:1991/02/05,初出場:2015/09/09,學歷:臺灣體院,原名:
006013,AJL011,尼寇力,54,樂天,位置:投手,投打:左投左打,身高:196(CM),體重:104(KG),生日:1991/11/22,初出場:2020/04/28,學歷:,原名:Justin Nicolino
k428,AJL011,黃子鵬,69,樂天,位置:投手,投打:右投左打,身高:183(CM),體重:80(KG),生日:1994/03/19,初出場:2018/05/09,學歷:文化大學,原名:
A0F7,AJL011,廖健富,58,樂天,位置:捕手,投打:右投左打,身高:178(CM),體重:88(KG),生日:1998/09/28,初出場:2017/09/24,學歷:,原名:
H372,AJL011,劉時豪,60,樂天,位置:捕手,投打:右投左打,身高:166(CM),體重:90(KG),生日:1991/03/21,初出場:2014/03/23,學歷:臺灣體院,原名:
Z104,AJL011,嚴宏鈞,62,樂天,位置:捕手,投打:右投左打,身高:165(CM),體重:70(KG),生日:1997/04/30,初出場:2017/07/25,學歷:美和高中,原名:
R672,AJL011,陳俊秀,29,樂天,位置:一壘手,投打:右投右打,身高:183(CM),體重:97(KG),生日:1988/11/01,初出場:2014/07/30,學歷:國立體大,原名:
H435,AJL011,朱育賢,85,樂天,位置:一壘手,投打:左投左打,身高:188(CM),體重:100(KG),生日:1991/11/26,初出場:2016/03/19,學歷:文化大學,原名:
R405,AJL011,郭嚴文,21,樂天,位置:二壘手,投打:右投左打,身高:179(CM),體重:86(KG),生日:1988/10/25,初出場:2011/04/02,學歷:國立體大,原名:
004633,AJL011,陳晨威,98,樂天,位置:二壘手,投打:右投左打,身高:180(CM),體重:72(KG),生日:1997/12/12,初出場:2018/10/09,學歷:大同技術學院,原名:
A0D1,AJL011,梁家榮,5,樂天,位置:三壘手,投打:右投左打,身高:180(CM),體重:90(KG),生日:1995/03/25,初出場:2013/10/15,學歷:高苑工商,原名:
R407,AJL011,林智平,79,樂天,位置:三壘手,投打:右投右打,身高:178(CM),體重:77(KG),生日:1985/03/23,初出場:2009/03/29,學歷:文化大學,原名:
R235,AJL011,郭永維,7,樂天,位置:游擊手,投打:右投右打,身高:175(CM),體重:75(KG),生日:1988/04/13,初出場:2011/03/20,學歷:嘉藥科大,原名:郭 修 維
k441,AJL011,林立,39,樂天,位置:游擊手,投打:右投右打,身高:180(CM),體重:75(KG),生日:1996/01/01,初出場:2017/08/30,學歷:國立體大,原名:
R625,AJL011,余德龍,36,樂天,位置:左外野手,投打:右投右打,身高:180(CM),體重:73(KG),生日:1988/06/12,初出場:2012/03/20,學歷:嘉義大學,原名:
A0F8,AJL011,成晉,35,樂天,位置:中外野手,投打:右投右打,身高:184(CM),體重:93(KG),生日:1998/11/13,初出場:2018/06/19,學歷:平鎮高中,原名:
R595,AJL011,藍寅倫,88,樂天,位置:右外野手,投打:右投左打,身高:180(CM),體重:87(KG),生日:1990/05/07,初出場:2014/03/23,學歷:高苑科大,原名:
A0F4,D01,游宗儒,0,味全,位置:投手,投打:右投右打,身高:181(CM),體重:67(KG),生日:1992/05/21,初出場:2016/06/02,學歷:萬能科技大學,原名:
H592,D01,森榮鴻,7,味全,位置:投手,投打:右投右打,身高:185(CM),體重:82(KG),生日:1994/08/20,初出場:,學歷:,原名:
005535,D01,李宇翔,11,味全,位置:投手,投打:右投右打,身高:175(CM),體重:71(KG),生日:1997/05/07,初出場:,學歷:康寧大學,原名:
005537,D01,劉宇鈞,14,味全,位置:投手,投打:右投右打,身高:177(CM),體重:75(KG),生日:1998/06/27,初出場:,學歷:遠東科大,原名:
H022,D01,歐耀宗,15,味全,位置:投手,投打:右投右打,身高:178(CM),體重:68(KG),生日:1992/05/15,初出場:2016/04/29,學歷:安順國中,原名:
005539,D01,曾柏融,16,味全,位置:投手,投打:左投左打,身高:182(CM),體重:75(KG),生日:1998/05/01,初出場:,學歷:文化大學,原名:
005541,D01,郭郁政,17,味全,位置:投手,投打:右投右打,身高:187(CM),體重:94(KG),生日:1997/12/01,初出場:,學歷:南華大學,原名:
005543,D01,徐若熙,18,味全,位置:投手,投打:右投右打,身高:177(CM),體重:76(KG),生日:2000/11/01,初出場:,學歷:平鎮高中,原名:
R390,D01,羅嘉仁,19,味全,位置:投手,投打:右投右打,身高:180(CM),體重:90(KG),生日:1986/04/07,初出場:2014/08/07,學歷:文化大學,原名:
k433,D01,吳俊杰,20,味全,位置:投手,投打:右投右打,身高:190(CM),體重:80(KG),生日:1996/11/07,初出場:,學歷:開南大學,原名:
005547,D01,蔡明憲,26,味全,位置:投手,投打:右投右打,身高:184(CM),體重:74(KG),生日:1998/11/29,初出場:,學歷:漢英高中,原名:
005550,D01,莊玉彬,29,味全,位置:投手,投打:右投右打,身高:172(CM),體重:69(KG),生日:2001/05/29,初出場:,學歷:美和高中,原名:
B0K1,D01,劉家愷,31,味全,位置:投手,投打:左投左打,身高:181(CM),體重:90(KG),生日:1994/03/25,初出場:,學歷:臺灣體大,原名:
005551,D01,陳良志,32,味全,位置:投手,投打:右投右打,身高:177(CM),體重:69(KG),生日:1997/04/30,初出場:,學歷:遠東科大,原名:
k469,D01,曹維揚,37,味全,位置:投手,投打:右投右打,身高:183(CM),體重:77(KG),生日:1996/02/23,初出場:,學歷:,原名:
005552,D01,呂偉晟,39,味全,位置:投手,投打:右投右打,身高:192(CM),體重:80(KG),生日:1999/07/10,初出場:,學歷:,原名:
L0J9,D01,廖文揚,41,味全,位置:投手,投打:右投右打,身高:177(CM),體重:81(KG),生日:1987/10/10,初出場:2011/06/12,學歷:,原名:
B0J1,D01,林政賢,47,味全,位置:投手,投打:左投左打,身高:180(CM),體重:90(KG),生日:1995/09/13,初出場:2016/06/04,學歷:台北市文化大學,原名:
R616,D01,林旺億,51,味全,位置:投手,投打:右投右打,身高:190(CM),體重:99(KG),生日:1988/06/28,初出場:2012/04/11,學歷:台灣體院,原名:
005554,D01,黃東淯,56,味全,位置:投手,投打:右投右打,身高:170(CM),體重:72(KG),生日:1998/04/27,初出場:,學歷:美和高中,原名:
005555,D01,陳冠偉,59,味全,位置:投手,投打:右投右打,身高:182(CM),體重:102(KG),生日:1996/10/28,初出場:,學歷:台灣體大,原名:
H524,D01,羅華韋,68,味全,位置:投手,投打:左投左打,身高:180(CM),體重:74(KG),生日:1990/12/01,初出場:2016/03/27,學歷:桃園縣開南大學,原名:
H952,D01,林子昱,71,味全,位置:投手,投打:右投右打,身高:185(CM),體重:78(KG),生日:1993/09/19,初出場:,學歷:康寧大學,原名:
005915,D01,王膺鵬,12,味全,位置:捕手,投打:右投左打,身高:175(CM),體重:88(KG),生日:1996/09/12,初出場:,學歷:,原名:
005532,D01,全浩瑋,22,味全,位置:捕手,投打:右投右打,身高:180(CM),體重:96(KG),生日:1998/05/30,初出場:,學歷:南華大學,原名:
Z109,D01,江忠垣,50,味全,位置:捕手,投打:右投右打,身高:184(CM),體重:73(KG),生日:1997/12/16,初出場:,學歷:成德高中,原名:
005533,D01,魏全,98,味全,位置:捕手,投打:右投右打,身高:183(CM),體重:90(KG),生日:1998/01/13,初出場:,學歷:,原名:
005534,D01,牛塏曄,99,味全,位置:捕手,投打:右投右打,身高:172(CM),體重:96(KG),生日:1994/01/02,初出場:,學歷:亞洲大學,原名:
005536,D01,歐晉,3,味全,位置:一壘手,投打:左投左打,身高:176(CM),體重:112(KG),生日:1996/10/30,初出場:,學歷:國立體大,原名:
005538,D01,黃柏豪,10,味全,位置:一壘手,投打:右投左打,身高:178(CM),體重:95(KG),生日:1996/09/14,初出場:,學歷:輔仁大學,原名:
005916,D01,林桀晨,53,味全,位置:一壘手,投打:右投左打,身高:181(CM),體重:85(KG),生日:1994/08/23,初出場:,學歷:開南大學,原名:
B0J7,D01,吳睿勝,13,味全,位置:二壘手,投打:右投左打,身高:177(CM),體重:76(KG),生日:1994/06/23,初出場:2017/07/06,學歷:輔仁大學,原名:吳筌宏
005546,D01,朱祥麟,57,味全,位置:二壘手,投打:右投右打,身高:187(CM),體重:85(KG),生日:1998/09/21,初出場:,學歷:,原名:
005542,D01,張政禹,25,味全,位置:三壘手,投打:右投左打,身高:178(CM),體重:70(KG),生日:2000/06/08,初出場:,學歷:美和中學,原名:
005545,D01,劉基鴻,46,味全,位置:三壘手,投打:右投右打,身高:180(CM),體重:88(KG),生日:2000/11/03,初出場:,學歷:平鎮高中,原名:
k445,D01,張皓緯,6,味全,位置:游擊手,投打:右投右打,身高:177(CM),體重:85(KG),生日:1994/12/13,初出場:,學歷:文化大學,原名:
005540,D01,李凱威,21,味全,位置:游擊手,投打:右投左打,身高:174(CM),體重:76(KG),生日:1997/09/11,初出場:,學歷:文化大學,原名:
005544,D01,曾傳昇,33,味全,位置:游擊手,投打:右投左打,身高:175(CM),體重:68(KG),生日:2000/11/22,初出場:,學歷:高苑工商,原名:
R176,D01,林瑋恩,54,味全,位置:游擊手,投打:右投右打,身高:177(CM),體重:72(KG),生日:1988/03/22,初出場:2012/03/31,學歷:台北體育學院,原名:
H835,D01,林驛騰,5,味全,位置:左外野手,投打:左投左打,身高:184(CM),體重:94(KG),生日:1992/01/04,初出場:,學歷:臺灣體大,原名:林家慶
R286,D01,吳宗峻,62,味全,位置:左外野手,投打:左投左打,身高:170(CM),體重:95(KG),生日:1984/12/31,初出場:2010/03/21,學歷:臺灣體大,原名:
k449,D01,洪瑋漢,88,味全,位置:左外野手,投打:左投左打,身高:170(CM),體重:75(KG),生日:1995/12/03,初出場:,學歷:台灣體大,原名:
005549,D01,郭天信,2,味全,位置:中外野手,投打:右投左打,身高:173(CM),體重:70(KG),生日:2000/04/15,初出場:,學歷:文化大學,原名:
B0I7,D01,林旺衛,28,味全,位置:中外野手,投打:右投左打,身高:183(CM),體重:87(KG),生日:1988/06/28,初出場:2015/03/22,學歷:臺灣體大,原名:
005553,D01,張祐銘,34,味全,位置:中外野手,投打:右投左打,身高:180(CM),體重:86(KG),生日:1997/03/15,初出場:,學歷:開南大學,原名:
k450,D01,高淮安,55,味全,位置:中外野手,投打:右投左打,身高:184(CM),體重:85(KG),生日:1995/11/30,初出場:,學歷:開南大學,原名:
005557,D01,陳震洋,77,味全,位置:中外野手,投打:右投右打,身高:176(CM),體重:91(KG),生日:2001/03/29,初出場:,學歷:普門高中,原名:
005548,D01,林孝程,1,味全,位置:右外野手,投打:右投左打,身高:172(CM),體重:80(KG),生日:1999/11/30,初出場:,學歷:南華大學,原名:
H225,D01,曾陶鎔,58,味全,位置:右外野手,投打:右投右打,身高:182(CM),體重:84(KG),生日:1991/04/27,初出場:2015/10/11,學歷:高苑科技大學,原名:
